{"v":"5.5.7","meta":{"g":"LottieFiles AE 0.1.20","a":"","k":"","d":"","tc":""},"fr":29.9700012207031,"ip":0,"op":60.0000024438501,"w":500,"h":500,"nm":"Estrela","ddd":0,"assets":[],"layers":[{"ddd":0,"ind":1,"ty":4,"nm":"Shape Layer 1","sr":1,"ks":{"o":{"a":0,"k":100,"ix":11},"r":{"a":0,"k":0,"ix":10},"p":{"a":0,"k":[250,250,0],"ix":2},"a":{"a":0,"k":[0,0,0],"ix":1},"s":{"a":0,"k":[100,100,100],"ix":6}},"ao":0,"shapes":[{"ty":"gr","it":[{"ty":"sr","sy":1,"d":1,"pt":{"a":0,"k":5,"ix":3},"p":{"a":0,"k":[0,0],"ix":4},"r":{"a":0,"k":0,"ix":5},"ir":{"a":1,"k":[{"i":{"x":[0.667],"y":[1]},"o":{"x":[0.333],"y":[0]},"t":10,"s":[79]},{"i":{"x":[0],"y":[1]},"o":{"x":[0.333],"y":[0]},"t":18,"s":[39]},{"i":{"x":[0.553],"y":[1.006]},"o":{"x":[0.782],"y":[0]},"t":25,"s":[152]},{"i":{"x":[0.56],"y":[0.301]},"o":{"x":[0.241],"y":[0.008]},"t":30,"s":[64.523]},{"i":{"x":[0.722],"y":[1.185]},"o":{"x":[0.418],"y":[1.016]},"t":32,"s":[79]},{"i":{"x":[0.55],"y":[0.946]},"o":{"x":[0.297],"y":[0.186]},"t":34,"s":[88.473]},{"i":{"x":[0.601],"y":[0.196]},"o":{"x":[0.276],"y":[-0.059]},"t":37,"s":[73.366]},{"i":{"x":[0.705],"y":[1.05]},"o":{"x":[0.431],"y":[0.827]},"t":39,"s":[79]},{"i":{"x":[0.409],"y":[1]},"o":{"x":[0.192],"y":[0.087]},"t":42,"s":[87.865]},{"t":50.0000020365418,"s":[79]}],"ix":6},"is":{"a":0,"k":0,"ix":8},"or":{"a":1,"k":[{"i":{"x":[0.667],"y":[1]},"o":{"x":[0.333],"y":[0]},"t":10,"s":[150]},{"i":{"x":[0],"y":[1]},"o":{"x":[0.333],"y":[0]},"t":16,"s":[138]},{"i":{"x":[0.555],"y":[0.955]},"o":{"x":[0.806],"y":[0]},"t":23,"s":[215]},{"i":{"x":[0.558],"y":[0.195]},"o":{"x":[0.239],"y":[-0.084]},"t":28,"s":[141.554]},{"i":{"x":[0.65],"y":[0.883]},"o":{"x":[0.316],"y":[0.581]},"t":30,"s":[150]},{"i":{"x":[0.621],"y":[0.799]},"o":{"x":[0.287],"y":[-0.249]},"t":31,"s":[154.18]},{"i":{"x":[0.651],"y":[-0.056]},"o":{"x":[0.317],"y":[-0.24]},"t":35,"s":[147.741]},{"i":{"x":[0.557],"y":[0.924]},"o":{"x":[0.192],"y":[0.641]},"t":37,"s":[150]},{"i":{"x":[0.844],"y":[1]},"o":{"x":[0.344],"y":[-0.196]},"t":40,"s":[153.064]},{"t":50.0000020365418,"s":[150]}],"ix":7},"os":{"a":0,"k":9,"ix":9},"ix":1,"nm":"Polystar Path 1","mn":"ADBE Vector Shape - Star","hd":false},{"ty":"st","c":{"a":0,"k":[1,0.776458740234,0,1],"ix":3},"o":{"a":0,"k":100,"ix":4},"w":{"a":1,"k":[{"i":{"x":[0.833],"y":[0.833]},"o":{"x":[0.333],"y":[0]},"t":10,"s":[29]},{"i":{"x":[0.667],"y":[1]},"o":{"x":[0.167],"y":[0.167]},"t":17,"s":[13]},{"t":24.00000097754,"s":[29]}],"ix":5},"lc":2,"lj":2,"bm":0,"nm":"Stroke 1","mn":"ADBE Vector Graphic - Stroke","hd":false},{"ty":"fl","c":{"a":0,"k":[1,0.776470588235,0,1],"ix":4},"o":{"a":1,"k":[{"i":{"x":[0.833],"y":[0.833]},"o":{"x":[0.167],"y":[0.167]},"t":17,"s":[0]},{"t":19.0000007738859,"s":[100]}],"ix":5},"r":1,"bm":0,"nm":"Fill 1","mn":"ADBE Vector Graphic - Fill","hd":false},{"ty":"tr","p":{"a":0,"k":[0,0],"ix":2},"a":{"a":0,"k":[0,0],"ix":1},"s":{"a":0,"k":[100,100],"ix":3},"r":{"a":0,"k":0,"ix":6},"o":{"a":0,"k":100,"ix":7},"sk":{"a":0,"k":0,"ix":4},"sa":{"a":0,"k":0,"ix":5},"nm":"Transform"}],"nm":"Polystar 1","np":3,"cix":2,"bm":0,"ix":1,"mn":"ADBE Vector Group","hd":false}],"ip":0,"op":90.0000036657751,"st":0,"bm":0}],"markers":[]}